,mzmed,mzmin,mzmax,rtmed,rtmin,rtmax,B neg_R-A8_1_1620.mzXML,B neg_R-A9_1_1621.mzXML,B neg_R-D6_1_1809.mzXML,B neg_R-D8_1_1811.mzXML,N neg_R-D2_1_1805.mzXML,N neg_R-D7_1_1810.mzXML
FT0001,96.95926767,96.95820649,97.02789587,31.61646461,6.335927486,50.62394714,1029061.864,77655.1534,5286927.034,31412.568,1884024.331,2761308.815
FT0002,96.95831439,96.95807951,96.95871459,824.9943848,760.0545044,876.4691772,143290.7833,,,,,
FT0003,97.92972063,97.92914098,97.93019788,624.159729,540.6953735,701.6343384,121479.8285,131213.968,69656.2344,57807.1128,52110.996,49229
FT0004,97.958141,97.95776215,97.95830655,35.72382355,33.79804993,48.72298813,,46404.47,42009.3344,,,43579.75456
FT0005,98.93752135,98.90514073,98.93788873,624.236,551.2598877,782.2348022,1110552.24,594568.296,353585.785,692121.92,270468.204,1029414.105
